prompt,completion
What are some of the best deals currently available on vacation packages?, Vacations
Are there any promotions or discounts for last-minute bookings?, Vacations
What are some of the most popular destinations for vacation packages right now?, Vacations
Can you recommend any all-inclusive vacation packages that fit my budget?, Vacations
Are there any special packages for families or groups of travelers?, Vacations
Can you suggest any romantic getaways or honeymoon packages?, Vacations
Are there any luxury vacation packages available at a discounted price?, Vacations
"Can you recommend any adventure travel packages, such as hiking or scuba diving trips?", Vacations
Are there any packages that include airfare and accommodations together?, Vacations
Can you suggest any off-season vacation packages that offer a great value?, Vacations
Are there any discounts or special offers available for vacation packages?, Vacations
Can you recommend any all-inclusive vacation packages that fit my budget?, Vacations
What kind of deals are available for last-minute bookings?, Vacations
Are there any package deals for families or groups traveling together?, Vacations
Can you suggest any destinations that offer affordable vacation packages?, Vacations
Are there any promotions or deals for specific travel dates?, Vacations
What amenities or activities are included in the vacation package?, Vacations
Are there any loyalty programs or rewards for frequent travelers?, Vacations
Can you help me find a vacation package that includes airfare and accommodations?, Vacations
What payment options are available for booking a vacation package?, Vacations
Are there any current vacation package deals available?, Vacations
Can you recommend any budget-friendly vacation destinations?, Vacations
Are there any last-minute deals on vacations?, Vacations
What discounts are available for booking multiple vacations at once?, Vacations
Can you suggest any vacation destinations that offer all-inclusive packages?, Vacations
Are there any seasonal discounts or promotions for vacations?, Vacations
Are there any loyalty rewards or referral programs for frequent travelers?, Vacations
Can you help me find a vacation deal that includes flights and accommodations?, Vacations
What kind of payment plans or financing options are available for vacations?, Vacations
Are there any special offers for booking vacations during off-peak travel times?, Vacations
Are there any current movie deals or promotions available?, Movies
Can you recommend any good movies that are currently showing in theaters?, Movies
What is the best way to get discounted movie tickets?, Movies
Are there any special offers for booking movie tickets online?, Movies
Can I get a discount on movie tickets if I am a student or a senior citizen?, Movies
Are there any discounts available for booking tickets for a group of people?, Movies
Can I get a free movie ticket for referring a friend?, Movies
Are there any loyalty programs or reward systems for frequent moviegoers?, Movies
Can you suggest any theaters that offer special discounts or promotions?, Movies
Are there any movie subscription plans available that offer discounts on tickets?, Movies
What are the best times to go to the movies to get discounted tickets?, Movies
Are there any movie theater chains that offer loyalty programs for discounts on tickets and concessions?, Movies
Are there any apps or websites that offer discounts on movie tickets?, Movies
Can I get a discount on movie tickets if I book them with a credit card or debit card?, Movies
Are there any special deals for booking movie tickets in advance?, Movies
Can I get a discount on movie tickets if I book them during a specific time of the day?, Movies
What is the best way to find out about movie discounts and promotions?, Movies
Can I get a discount on movie tickets if I purchase them in bulk?, Movies
Are there any movie theaters that offer free snacks or drinks with tickets?, Movies
Can I get a discount on movie tickets if I book them through a travel website or agency?, Movies
What are the best movie theaters to go to for discounted tickets?, Movies
Are there any movie theaters that offer special discounts for birthday parties or other events?, Movies
Can I get a discount on movie tickets if I am a member of a certain organization or club?, Movies
Are there any movie theaters that offer discounts on tickets for charity events?, Movies
Can I get a discount on movie tickets if I subscribe to a certain streaming service?, Movies
Are there any movie theaters that offer special discounts for military personnel or veterans?, Movies
Can I get a discount on movie tickets if I purchase them on a certain day of the week?, Movies
What are the best ways to save money on movie tickets and concessions?, Movies
Can I get a discount on movie tickets if I purchase them through a cashback or discount website?, Movies
Are there any movie theaters that offer special deals for watching multiple movies in a day?, Movies
